ValidTime,APCP12hr_surface_prob >0.254,APCP1hr_surface,APCP1hr_surface_prob >0.254,APCP6hr_surface,APCP6hr_surface_prob >0.254,APTMP_2 m above ground,ASNOW1dy_surface_10% level,ASNOW1dy_surface_25% level,ASNOW1dy_surface_5% level,ASNOW1dy_surface_50% level,ASNOW1dy_surface_75% level,ASNOW1dy_surface_90% level,ASNOW1dy_surface_95% level,ASNOW1dy_surface_prob >0.00254,ASNOW1dy_surface_prob >0.0254,ASNOW1dy_surface_prob >0.0508,ASNOW1dy_surface_prob >0.1016,ASNOW1dy_surface_prob >0.1524,ASNOW1dy_surface_prob >0.2032,ASNOW1dy_surface_prob >0.3048,ASNOW1dy_surface_prob >0.4572,ASNOW1dy_surface_prob >0.6096,ASNOW1dy_surface_prob >0.762,ASNOW1hr_surface,ASNOW24hr_surface_10% level,ASNOW24hr_surface_25% level,ASNOW24hr_surface_5% level,ASNOW24hr_surface_50% level,ASNOW24hr_surface_75% level,ASNOW24hr_surface_90% level,ASNOW24hr_surface_95% level,ASNOW24hr_surface_prob >0.00254,ASNOW24hr_surface_prob >0.0254,ASNOW24hr_surface_prob >0.0508,ASNOW24hr_surface_prob >0.1016,ASNOW24hr_surface_prob >0.1524,ASNOW24hr_surface_prob >0.2032,ASNOW24hr_surface_prob >0.3048,ASNOW24hr_surface_prob >0.4572,ASNOW24hr_surface_prob >0.6096,ASNOW24hr_surface_prob >0.762,ASNOW2dy_surface_10% level,ASNOW2dy_surface_25% level,ASNOW2dy_surface_5% level,ASNOW2dy_surface_50% level,ASNOW2dy_surface_75% level,ASNOW2dy_surface_90% level,ASNOW2dy_surface_95% level,ASNOW2dy_surface_prob >0.00254,ASNOW2dy_surface_prob >0.0254,ASNOW2dy_surface_prob >0.0508,ASNOW2dy_surface_prob >0.1016,ASNOW2dy_surface_prob >0.1524,ASNOW2dy_surface_prob >0.2032,ASNOW2dy_surface_prob >0.3048,ASNOW2dy_surface_prob >0.4572,ASNOW2dy_surface_prob >0.6096,ASNOW2dy_surface_prob >0.762,ASNOW3dy_surface_10% level,ASNOW3dy_surface_25% level,ASNOW3dy_surface_5% level,ASNOW3dy_surface_50% level,ASNOW3dy_surface_75% level,ASNOW3dy_surface_90% level,ASNOW3dy_surface_95% level,ASNOW3dy_surface_prob >0.00254,ASNOW3dy_surface_prob >0.0254,ASNOW3dy_surface_prob >0.0508,ASNOW3dy_surface_prob >0.1016,ASNOW3dy_surface_prob >0.1524,ASNOW3dy_surface_prob >0.2032,ASNOW3dy_surface_prob >0.3048,ASNOW3dy_surface_prob >0.4572,ASNOW3dy_surface_prob >0.6096,ASNOW3dy_surface_prob >0.762,ASNOW48hr_surface_10% level,ASNOW48hr_surface_25% level,ASNOW48hr_surface_5% level,ASNOW48hr_surface_50% level,ASNOW48hr_surface_75% level,ASNOW48hr_surface_90% level,ASNOW48hr_surface_95% level,ASNOW48hr_surface_prob >0.00254,ASNOW48hr_surface_prob >0.0254,ASNOW48hr_surface_prob >0.0508,ASNOW48hr_surface_prob >0.1016,ASNOW48hr_surface_prob >0.1524,ASNOW48hr_surface_prob >0.2032,ASNOW48hr_surface_prob >0.3048,ASNOW48hr_surface_prob >0.4572,ASNOW48hr_surface_prob >0.6096,ASNOW48hr_surface_prob >0.762,ASNOW6hr_surface,ASNOW72hr_surface_10% level,ASNOW72hr_surface_25% level,ASNOW72hr_surface_5% level,ASNOW72hr_surface_50% level,ASNOW72hr_surface_75% level,ASNOW72hr_surface_90% level,ASNOW72hr_surface_95% level,ASNOW72hr_surface_prob >0.00254,ASNOW72hr_surface_prob >0.0254,ASNOW72hr_surface_prob >0.0508,ASNOW72hr_surface_prob >0.1016,ASNOW72hr_surface_prob >0.1524,ASNOW72hr_surface_prob >0.2032,ASNOW72hr_surface_prob >0.3048,ASNOW72hr_surface_prob >0.4572,ASNOW72hr_surface_prob >0.6096,ASNOW72hr_surface_prob >0.762,CAPE_surface,CEIL_cloud base,CEIL_cloud ceiling,DIST_surface - 610 m above ground,DPT_2 m above ground,DSWRF_surface,GUST_10 m above ground,GUST_10 m above ground_std dev (cluster mean),HINDEX6hr_entire atmosphere (considered as a single layer),HTSGW_surface,MAXREF1hr_1000 m above ground,MAXRH12hr_2 m above ground,MINRH12hr_2 m above ground,MIXHT_entire atmosphere (considered as a single layer),PTYPE_entire atmosphere_prob >=8 <9,PTYPE_surface_prob >=1 <2,PTYPE_surface_prob >=3 <4,PTYPE_surface_prob >=5 <7,PTYPE_surface_prob >=8 <9,RETOP_cloud top,RH_2 m above ground,TCDC_surface,TMAX12hr_2 m above ground,TMAX12hr_2 m above ground_std dev (cluster mean),TMIN12hr_2 m above ground,TMIN12hr_2 m above ground_std dev (cluster mean),TMP_2 m above ground,TMP_surface,TSRWE1dy_surface_prob >7.35e-05,TSRWE24hr_surface_prob >7.35e-05,TURB_surface - 1372 m above ground,VIL_entire atmosphere,VIS_surface,VRATE_entire atmosphere (considered as a single layer),WDIR_10 m above ground,WDIR_surface - 610 m above ground,WIND_10 m above ground,WIND_10 m above ground_std dev (cluster mean),WIND_30 m above ground,WIND_80 m above ground,WIND_surface - 610 m above ground,var discipline=0 center=7 local_table=0 parmcat=1 parm=2281dy_surface_10% level,var discipline=0 center=7 local_table=0 parmcat=1 parm=2281dy_surface_25% level,var discipline=0 center=7 local_table=0 parmcat=1 parm=2281dy_surface_5% level,var discipline=0 center=7 local_table=0 parmcat=1 parm=2281dy_surface_50% level,var discipline=0 center=7 local_table=0 parmcat=1 parm=2281dy_surface_75% level,var discipline=0 center=7 local_table=0 parmcat=1 parm=2281dy_surface_90% level,var discipline=0 center=7 local_table=0 parmcat=1 parm=2281dy_surface_95% level,var discipline=0 center=7 local_table=0 parmcat=1 parm=2281dy_surface_prob >0.254,var discipline=0 center=7 local_table=0 parmcat=1 parm=2281dy_surface_prob >12.7,var discipline=0 center=7 local_table=0 parmcat=1 parm=2281dy_surface_prob >2.54,var discipline=0 center=7 local_table=0 parmcat=1 parm=2281dy_surface_prob >25.4,var discipline=0 center=7 local_table=0 parmcat=1 parm=2281dy_surface_prob >6.35,var discipline=0 center=7 local_table=0 parmcat=1 parm=2281hr_surface,var discipline=0 center=7 local_table=0 parmcat=1 parm=22824hr_surface_10% level,var discipline=0 center=7 local_table=0 parmcat=1 parm=22824hr_surface_25% level,var discipline=0 center=7 local_table=0 parmcat=1 parm=22824hr_surface_5% level,var discipline=0 center=7 local_table=0 parmcat=1 parm=22824hr_surface_50% level,var discipline=0 center=7 local_table=0 parmcat=1 parm=22824hr_surface_75% level,var discipline=0 center=7 local_table=0 parmcat=1 parm=22824hr_surface_90% level,var discipline=0 center=7 local_table=0 parmcat=1 parm=22824hr_surface_95% level,var discipline=0 center=7 local_table=0 parmcat=1 parm=22824hr_surface_prob >0.254,var discipline=0 center=7 local_table=0 parmcat=1 parm=22824hr_surface_prob >12.7,var discipline=0 center=7 local_table=0 parmcat=1 parm=22824hr_surface_prob >2.54,var discipline=0 center=7 local_table=0 parmcat=1 parm=22824hr_surface_prob >25.4,var discipline=0 center=7 local_table=0 parmcat=1 parm=22824hr_surface_prob >6.35,var discipline=0 center=7 local_table=0 parmcat=1 parm=2282dy_surface_10% level,var discipline=0 center=7 local_table=0 parmcat=1 parm=2282dy_surface_25% level,var discipline=0 center=7 local_table=0 parmcat=1 parm=2282dy_surface_5% level,var discipline=0 center=7 local_table=0 parmcat=1 parm=2282dy_surface_50% level,var discipline=0 center=7 local_table=0 parmcat=1 parm=2282dy_surface_75% level,var discipline=0 center=7 local_table=0 parmcat=1 parm=2282dy_surface_90% level,var discipline=0 center=7 local_table=0 parmcat=1 parm=2282dy_surface_95% level,var discipline=0 center=7 local_table=0 parmcat=1 parm=2282dy_surface_prob >0.254,var discipline=0 center=7 local_table=0 parmcat=1 parm=2282dy_surface_prob >12.7,var discipline=0 center=7 local_table=0 parmcat=1 parm=2282dy_surface_prob >2.54,var discipline=0 center=7 local_table=0 parmcat=1 parm=2282dy_surface_prob >25.4,var discipline=0 center=7 local_table=0 parmcat=1 parm=2282dy_surface_prob >6.35,var discipline=0 center=7 local_table=0 parmcat=1 parm=2283dy_surface_10% level,var discipline=0 center=7 local_table=0 parmcat=1 parm=2283dy_surface_25% level,var discipline=0 center=7 local_table=0 parmcat=1 parm=2283dy_surface_5% level,var discipline=0 center=7 local_table=0 parmcat=1 parm=2283dy_surface_50% level,var discipline=0 center=7 local_table=0 parmcat=1 parm=2283dy_surface_75% level,var discipline=0 center=7 local_table=0 parmcat=1 parm=2283dy_surface_90% level,var discipline=0 center=7 local_table=0 parmcat=1 parm=2283dy_surface_95% level,var discipline=0 center=7 local_table=0 parmcat=1 parm=2283dy_surface_prob >0.254,var discipline=0 center=7 local_table=0 parmcat=1 parm=2283dy_surface_prob >12.7,var discipline=0 center=7 local_table=0 parmcat=1 parm=2283dy_surface_prob >2.54,var discipline=0 center=7 local_table=0 parmcat=1 parm=2283dy_surface_prob >25.4,var discipline=0 center=7 local_table=0 parmcat=1 parm=2283dy_surface_prob >6.35,var discipline=0 center=7 local_table=0 parmcat=1 parm=22848hr_surface_10% level,var discipline=0 center=7 local_table=0 parmcat=1 parm=22848hr_surface_25% level,var discipline=0 center=7 local_table=0 parmcat=1 parm=22848hr_surface_5% level,var discipline=0 center=7 local_table=0 parmcat=1 parm=22848hr_surface_50% level,var discipline=0 center=7 local_table=0 parmcat=1 parm=22848hr_surface_75% level,var discipline=0 center=7 local_table=0 parmcat=1 parm=22848hr_surface_90% level,var discipline=0 center=7 local_table=0 parmcat=1 parm=22848hr_surface_95% level,var discipline=0 center=7 local_table=0 parmcat=1 parm=22848hr_surface_prob >0.254,var discipline=0 center=7 local_table=0 parmcat=1 parm=22848hr_surface_prob >12.7,var discipline=0 center=7 local_table=0 parmcat=1 parm=22848hr_surface_prob >2.54,var discipline=0 center=7 local_table=0 parmcat=1 parm=22848hr_surface_prob >25.4,var discipline=0 center=7 local_table=0 parmcat=1 parm=22848hr_surface_prob >6.35,var discipline=0 center=7 local_table=0 parmcat=1 parm=2286hr_surface,var discipline=0 center=7 local_table=0 parmcat=1 parm=22872hr_surface_10% level,var discipline=0 center=7 local_table=0 parmcat=1 parm=22872hr_surface_25% level,var discipline=0 center=7 local_table=0 parmcat=1 parm=22872hr_surface_5% level,var discipline=0 center=7 local_table=0 parmcat=1 parm=22872hr_surface_50% level,var discipline=0 center=7 local_table=0 parmcat=1 parm=22872hr_surface_75% level,var discipline=0 center=7 local_table=0 parmcat=1 parm=22872hr_surface_90% level,var discipline=0 center=7 local_table=0 parmcat=1 parm=22872hr_surface_95% level,var discipline=0 center=7 local_table=0 parmcat=1 parm=22872hr_surface_prob >0.254,var discipline=0 center=7 local_table=0 parmcat=1 parm=22872hr_surface_prob >12.7,var discipline=0 center=7 local_table=0 parmcat=1 parm=22872hr_surface_prob >2.54,var discipline=0 center=7 local_table=0 parmcat=1 parm=22872hr_surface_prob >25.4,var discipline=0 center=7 local_table=0 parmcat=1 parm=22872hr_surface_prob >6.35,var discipline=0 center=7 local_table=0 parmcat=1 parm=232_entire atmosphere_prob >0,var discipline=0 center=7 local_table=0 parmcat=1 parm=233_surface,var discipline=0 center=7 local_table=0 parmcat=1 parm=23412hr_surface,var discipline=0 center=7 local_table=0 parmcat=19 parm=236_0 m above mean sea level,var discipline=0 center=7 local_table=0 parmcat=19 parm=238_400-300 mb,var discipline=0 center=7 local_table=0 parmcat=2 parm=225_entire atmosphere (considered as a single layer),var discipline=0 center=7 local_table=0 parmcat=2 parm=226_entire atmosphere (considered as a single layer),var discipline=0 center=7 local_table=0 parmcat=7 parm=201_surface - 0C isotherm,var discipline=0 center=7 local_table=0 parmcat=7 parm=202_610 m above ground - 400 mb,var discipline=0 center=7 local_table=1 parmcat=19 parm=2373hr_surface_prob >0,var discipline=0 master_table=1 parmcat=0 parm=27_610 m above ground - 400 mb_unspecified spatial filter=241,var discipline=10 center=7 local_table=0 parmcat=3 parm=204_surface,var discipline=2 master_table=1 parmcat=4 parm=46hr_surface
2019110513,,0.0,2.0,,,283.29,,,,,,,,,,,,,,,,,,0.0,,,,,,,,,,,,,,,,,,,,,,,,,,,,,,,,,,,,,,,,,,,,,,,,,,,,,,,,,,,,,,,,,,,,,,,,,,,,,,,,,,,,,,,0.0,1126.0,88887.0,9.999e+20,280.54,87.0,2.9,0.92,,,0.0,,,111.0,0.0,100.0,0.0,0.0,0.0,88888.2,90.0,25.0,,,,,282.31,9.999e+20,,,0.0,0.014,18468.0,213.0,80.0,9.999e+20,0.8,0.4,0.8,1.8,9.999e+20,,,,,,,,,,,,,0.0,,,,,,,,,,,,,,,,,,,,,,,,,,,,,,,,,,,,,,,,,,,,,,,,,,,,,,,,,,,,,,92.8,1.6,,2368.0,1.0,2.1,100.0,-7.0,112.0,,281.45,,
2019110514,,0.0,0.0,,,284.63,,,,,,,,,,,,,,,,,,0.0,,,,,,,,,,,,,,,,,,,,,,,,,,,,,,,,,,,,,,,,,,,,,,,,,,,,,,,,,,,,,,,,,,,,,,,,,,,,,,,,,,,,,,,0.0,382.0,88892.0,9.999e+20,281.75,237.0,2.5,1.12,,,0.0,,,270.0,0.0,100.0,0.0,0.0,0.0,88888.2,84.0,25.0,,,,,284.6,9.999e+20,,,0.0,0.014,18032.0,465.0,70.0,9.999e+20,0.8,0.52,0.8,1.4,9.999e+20,,,,,,,,,,,,,0.0,,,,,,,,,,,,,,,,,,,,,,,,,,,,,,,,,,,,,,,,,,,,,,,,,,,,,,,,,,,,,,92.1,1.4,,2304.0,1.0,1.7,90.0,-16.0,127.0,,281.45,,
2019110515,,0.0,0.0,,,286.24,,,,,,,,,,,,,,,,,,0.0,,,,,,,,,,,,,,,,,,,,,,,,,,,,,,,,,,,,,,,,,,,,,,,,,,,,,,,,,,,,,,,,,,,,,,,,,,,,,,,,,,,,,,,0.0,662.0,88892.0,9.999e+20,282.76,314.0,2.9,1.1,,9.999e+20,0.0,,,392.0,0.0,100.0,0.0,0.0,0.0,88888.2,79.0,28.0,,,,,286.32,9.999e+20,,,0.0,0.014,18678.0,675.0,360.0,9.999e+20,0.8,0.52,0.8,1.4,9.999e+20,,,,,,,,,,,,,0.0,,,,,,,,,,,,,,,,,,,,,,,,,,,,,,,,,,,,,,,,,,,,,,,,,,,,,,,,,,,,,,95.0,0.7,,2488.0,2.0,1.7,360.0,-9.0,134.0,0.0,280.95,9.999e+20,
2019110516,,0.0,0.0,,,287.98,,,,,,,,,,,,,,,,,,0.0,,,,,,,,,,,,,,,,,,,,,,,,,,,,,,,,,,,,,,,,,,,,,,,,,,,,,,,,,,,,,,,,,,,,,,,,,,,,,,,,,,,,,,,0.0,430.0,88888.0,9.999e+20,283.24,409.0,3.6,0.9,,,0.0,,,698.0,0.0,100.0,0.0,0.0,0.0,88888.2,73.0,32.0,,,,,287.73,9.999e+20,,,0.0,0.014,18880.0,2334.0,340.0,9.999e+20,1.2,0.52,1.2,2.2,9.999e+20,,,,,,,,,,,,,0.0,,,,,,,,,,,,,,,,,,,,,,,,,,,,,,,,,,,,,,,,,,,,,,,,,,,,,,,,,,,,,,96.1,1.1,,2840.0,1.0,3.2,330.0,-3.0,142.0,,280.85,,
2019110517,,0.0,0.0,,,289.13,,,,,,,,,,,,,,,,,,0.0,,,,,,,,,,,,,,,,,,,,,,,,,,,,,,,,,,,,,,,,,,,,,,,,,,,,,,,,,,,,,,,,,,,,,,,,,,,,,,,,,,,,,,,1.0,830.0,88891.0,9.999e+20,283.21,487.0,4.1,0.62,,,0.0,,,802.0,0.0,100.0,0.0,0.0,0.0,88888.2,67.0,22.0,,,,,289.29,9.999e+20,,,0.0,0.014,19282.0,2900.0,340.0,9.999e+20,1.6,0.4,1.6,2.6,9.999e+20,,,,,,,,,,,,,0.0,,,,,,,,,,,,,,,,,,,,,,,,,,,,,,,,,,,,,,,,,,,,,,,,,,,,,,,,,,,,,,100.0,1.7,,2768.0,1.0,3.6,330.0,0.0,159.0,,280.15,,
2019110518,,0.0,0.0,0.0,2.0,290.24,,,,,,,,,,,,,,,,,,0.0,,,,,,,,,,,,,,,,,,,,,,,,,,,,,,,,,,,,,,,,,,,,,,,,,,,,,,,,,,,,,,,,,,,,,0.0,,,,,,,,,,,,,,,,,,1.0,502.0,88889.0,9.999e+20,282.65,524.0,4.3,0.7,4.0,9.999e+20,0.0,,,870.0,0.0,100.0,0.0,0.0,0.0,88888.2,61.0,20.0,,,,,290.05,9.999e+20,,,0.0,0.014,20157.0,2937.0,350.0,9.999e+20,1.6,0.52,1.6,2.6,9.999e+20,,,,,,,,,,,,,0.0,,,,,,,,,,,,,,,,,,,,,,,,,,,,,,,,,,,,,,,,,,,,,,,,,0.0,,,,,,,,,,,,,100.0,2.4,,2648.0,1.0,3.2,340.0,0.0,222.0,0.0,280.55,9.999e+20,6.0
2019110519,,0.0,0.0,,,290.52,,,,,,,,,,,,,,,,,,0.0,,,,,,,,,,,,,,,,,,,,,,,,,,,,,,,,,,,,,,,,,,,,,,,,,,,,,,,,,,,,,,,,,,,,,,,,,,,,,,,,,,,,,,,0.0,502.0,88891.0,9.999e+20,282.21,586.0,4.4,0.62,,,0.0,,,915.0,0.0,100.0,0.0,0.0,0.0,88888.2,57.0,8.0,,,,,290.63,9.999e+20,,,0.0,0.016,20863.0,2922.0,350.0,9.999e+20,1.6,0.42,1.6,2.7,9.999e+20,,,,,,,,,,,,,0.0,,,,,,,,,,,,,,,,,,,,,,,,,,,,,,,,,,,,,,,,,,,,,,,,,,,,,,,,,,,,,,100.0,4.2,,2688.0,1.0,3.2,350.0,0.0,248.0,,280.85,,
2019110520,,0.0,0.0,,,290.89,,,,,,,,,,,,,,,,,,0.0,,,,,,,,,,,,,,,,,,,,,,,,,,,,,,,,,,,,,,,,,,,,,,,,,,,,,,,,,,,,,,,,,,,,,,,,,,,,,,,,,,,,,,,0.0,4070.0,88890.0,9.999e+20,281.67,466.0,4.1,0.8,,,0.0,,,954.0,0.0,100.0,0.0,0.0,0.0,88888.2,55.0,3.0,,,,,290.77,9.999e+20,,,0.0,0.014,20817.0,3213.0,350.0,9.999e+20,2.0,0.5,2.0,2.7,9.999e+20,,,,,,,,,,,,,0.0,,,,,,,,,,,,,,,,,,,,,,,,,,,,,,,,,,,,,,,,,,,,,,,,,,,,,,,,,,,,,,100.0,4.5,,2688.0,1.0,3.3,340.0,0.0,267.0,,281.15,,
2019110521,,0.0,0.0,,,290.78,,,,,,,,,,,,,,,,,,0.0,,,,,,,,,,,,,,,,,,,,,,,,,,,,,,,,,,,,,,,,,,,,,,,,,,,,,,,,,,,,,,,,,,,,,,,,,,,,,,,,,,,,,,,0.0,4606.0,88892.0,9.999e+20,281.48,349.0,4.6,0.82,,9.999e+20,0.0,,,858.0,0.0,100.0,0.0,0.0,0.0,88888.2,55.0,2.0,,,,,290.97,9.999e+20,,,0.0,0.014,20660.0,3203.0,350.0,9.999e+20,2.0,0.4,2.4,3.1,9.999e+20,,,,,,,,,,,,,0.0,,,,,,,,,,,,,,,,,,,,,,,,,,,,,,,,,,,,,,,,,,,,,,,,,,,,,,,,,,,,,,100.0,2.4,,2712.0,1.0,3.8,350.0,0.0,273.0,0.0,281.15,9.999e+20,
2019110522,,0.0,0.0,,,289.74,,,,,,,,,,,,,,,,,,0.0,,,,,,,,,,,,,,,,,,,,,,,,,,,,,,,,,,,,,,,,,,,,,,,,,,,,,,,,,,,,,,,,,,,,,,,,,,,,,,,,,,,,,,,0.0,6054.0,88891.0,9.999e+20,281.88,186.0,5.1,0.62,,,0.0,,,386.0,0.0,100.0,0.0,0.0,0.0,88888.2,60.0,3.0,,,,,289.61,9.999e+20,,,0.0,0.014,19488.0,1501.0,350.0,9.999e+20,2.0,0.3,2.0,3.5,9.999e+20,,,,,,,,,,,,,0.0,,,,,,,,,,,,,,,,,,,,,,,,,,,,,,,,,,,,,,,,,,,,,,,,,,,,,,,,,,,,,,100.0,3.4,,2720.0,1.0,3.8,350.0,0.0,279.0,,281.15,,
2019110523,,0.0,0.0,,,288.11,,,,,,,,,,,,,,,,,,0.0,,,,,,,,,,,,,,,,,,,,,,,,,,,,,,,,,,,,,,,,,,,,,,,,,,,,,,,,,,,,,,,,,,,,,,,,,,,,,,,,,,,,,,,0.0,1526.0,88887.0,9.999e+20,282.01,89.0,5.0,1.1,,,0.0,,,179.0,0.0,100.0,0.0,0.0,0.0,88888.2,67.0,4.0,,,,,287.94,9.999e+20,,,0.0,0.016,18720.0,735.0,340.0,9.999e+20,1.6,0.42,1.6,3.6,9.999e+20,,,,,,,,,,,,,0.0,,,,,,,,,,,,,,,,,,,,,,,,,,,,,,,,,,,,,,,,,,,,,,,,,,,,,,,,,,,,,,100.0,2.6,,2592.0,1.0,4.2,350.0,0.0,266.0,,280.85,,
2019110600,3.0,0.0,0.0,0.0,0.0,285.77,,,,,,,,,,,,,,,,,,0.0,,,,,,,,,,,,,,,,,,,,,,,,,,,,,,,,,,,,,,,,,,,,,,,,,,,,,,,,,,,,,,,,,,,,,0.0,,,,,,,,,,,,,,,,,,0.0,88886.0,88889.0,9.999e+20,281.72,70.0,5.0,1.1,4.0,9.999e+20,0.0,,,131.0,0.0,100.0,0.0,0.0,0.0,88888.2,75.0,1.0,291.94,0.71,,,286.12,9.999e+20,,,0.0,0.016,18356.0,564.0,350.0,9.999e+20,1.6,0.52,2.0,4.3,9.999e+20,,,,,,,,,,,,,0.0,,,,,,,,,,,,,,,,,,,,,,,,,,,,,,,,,,,,,,,,,,,,,,,,,0.0,,,,,,,,,,,,,100.0,2.5,0.0,2496.0,1.0,4.6,360.0,0.0,256.0,0.0,281.05,9.999e+20,9.2
2019110601,,0.0,0.0,,,284.68,,,,,,,,,,,,,,,,,,0.0,,,,,,,,,,,,,,,,,,,,,,,,,,,,,,,,,,,,,,,,,,,,,,,,,,,,,,,,,,,,,,,,,,,,,,,,,,,,,,,,,,,,,,,0.0,88886.0,88892.0,9.999e+20,281.41,0.0,5.4,1.3,,,0.0,,,138.0,0.0,100.0,0.0,0.0,0.0,88888.2,80.0,1.0,,,,,284.79,9.999e+20,,,0.0,0.016,18221.0,605.0,360.0,9.999e+20,2.0,0.42,2.0,4.7,9.999e+20,,,,,,,,,,,,,0.0,,,,,,,,,,,,,,,,,,,,,,,,,,,,,,,,,,,,,,,,,,,,,,,,,,,,,,,,,,,,,,100.0,3.5,,2440.0,1.0,4.8,10.0,0.0,248.0,,280.35,,
2019110602,,0.0,0.0,,,283.65,,,,,,,,,,,,,,,,,,0.0,,,,,,,,,,,,,,,,,,,,,,,,,,,,,,,,,,,,,,,,,,,,,,,,,,,,,,,,,,,,,,,,,,,,,,,,,,,,,,,,,,,,,,,0.0,88886.0,88892.0,9.999e+20,280.65,23.0,5.4,0.9,,,0.0,,,138.0,0.0,100.0,0.0,0.0,0.0,88888.2,81.0,0.0,,,,,283.9,9.999e+20,,,0.0,0.016,18490.0,641.0,10.0,9.999e+20,2.0,0.5,2.4,5.1,9.999e+20,,,,,,,,,,,,,0.0,,,,,,,,,,,,,,,,,,,,,,,,,,,,,,,,,,,,,,,,,,,,,,,,,,,,,,,,,,,,,,100.0,3.1,,2384.0,1.0,4.9,10.0,0.0,233.0,,280.45,,
2019110603,,0.0,0.0,,,282.21,,,,,,,,,,,,,,,,,,0.0,,,,,,,,,,,,,,,,,,,,,,,,,,,,,,,,,,,,,,,,,,,,,,,,,,,,,,,,,,,,,,,,,,,,,,,,,,,,,,,,,,,,,,,0.0,88886.0,88892.0,9.999e+20,280.3,0.0,5.8,1.3,,9.999e+20,0.0,,,127.0,0.0,100.0,0.0,0.0,0.0,88888.2,81.0,0.0,,,,,283.17,9.999e+20,,,0.0,0.016,18499.0,619.0,10.0,9.999e+20,2.4,0.52,2.4,5.1,9.999e+20,,,,,,,,,,,,,0.0,,,,,,,,,,,,,,,,,,,,,,,,,,,,,,,,,,,,,,,,,,,,,,,,,,,,,,,,,,,,,,100.0,2.5,,2344.0,0.0,5.0,20.0,0.0,215.0,0.0,280.45,9.999e+20,
2019110604,,0.0,0.0,,,281.47,,,,,,,,,,,,,,,,,,0.0,,,,,,,,,,,,,,,,,,,,,,,,,,,,,,,,,,,,,,,,,,,,,,,,,,,,,,,,,,,,,,,,,,,,,,,,,,,,,,,,,,,,,,,0.0,88886.0,88886.0,9.999e+20,279.77,0.0,6.1,1.3,,,0.0,,,119.0,0.0,100.0,0.0,0.0,0.0,88888.2,82.0,0.0,,,,,282.73,9.999e+20,,,0.0,0.016,18367.0,617.0,20.0,9.999e+20,2.4,0.52,2.4,5.4,9.999e+20,,,,,,,,,,,,,0.0,,,,,,,,,,,,,,,,,,,,,,,,,,,,,,,,,,,,,,,,,,,,,,,,,,,,,,,,,,,,,,100.0,3.1,,2296.0,0.0,5.0,30.0,0.0,206.0,,280.35,,
2019110605,,0.0,0.0,,,280.97,,,,,,,,,,,,,,,,,,0.0,,,,,,,,,,,,,,,,,,,,,,,,,,,,,,,,,,,,,,,,,,,,,,,,,,,,,,,,,,,,,,,,,,,,,,,,,,,,,,,,,,,,,,,0.0,88886.0,88891.0,9.999e+20,279.21,0.0,6.1,1.22,,,0.0,,,118.0,0.0,100.0,0.0,0.0,0.0,88888.2,83.0,0.0,,,,,282.06,9.999e+20,,,0.0,0.017,18350.0,603.0,20.0,9.999e+20,2.0,0.4,2.4,5.0,9.999e+20,,,,,,,,,,,,,0.0,,,,,,,,,,,,,,,,,,,,,,,,,,,,,,,,,,,,,,,,,,,,,,,,,,,,,,,,,,,,,,100.0,3.1,,2376.0,0.0,5.4,40.0,0.0,197.0,,280.15,,
2019110606,,0.0,0.0,0.0,0.0,280.25,,,,,,,,,,,,,,,,,,0.0,,,,,,,,,,,,,,,,,,,,,,,,,,,,,,,,,,,,,,,,,,,,,,,,,,,,,,,,,,,,,,,,,,,,,0.0,,,,,,,,,,,,,,,,,,0.0,88886.0,88888.0,9.999e+20,278.74,0.0,5.7,1.1,4.0,9.999e+20,0.0,,55.0,118.0,0.0,100.0,0.0,0.0,0.0,88888.2,85.0,0.0,,,,,281.21,9.999e+20,,,0.0,0.014,18983.0,604.0,30.0,9.999e+20,2.0,0.4,2.4,5.0,9.999e+20,,,,,,,,,,,,,0.0,,,,,,,,,,,,,,,,,,,,,,,,,,,,,,,,,,,,,,,,,,,,,,,,,0.0,,,,,,,,,,,,,100.0,2.7,,2352.0,0.0,5.0,40.0,0.0,183.0,0.0,280.05,9.999e+20,5.2
2019110607,,0.0,0.0,,,279.56,,,,,,,,,,,,,,,,,,0.0,,,,,,,,,,,,,,,,,,,,,,,,,,,,,,,,,,,,,,,,,,,,,,,,,,,,,,,,,,,,,,,,,,,,,,,,,,,,,,,,,,,,,,,0.0,88886.0,88890.0,9.999e+20,278.43,0.0,5.7,1.22,,,0.0,,,118.0,0.0,100.0,0.0,0.0,0.0,88888.2,86.0,0.0,,,,,280.67,9.999e+20,,,0.0,0.014,18969.0,594.0,30.0,9.999e+20,2.0,0.4,2.4,5.0,9.999e+20,,,,,,,,,,,,,0.0,,,,,,,,,,,,,,,,,,,,,,,,,,,,,,,,,,,,,,,,,,,,,,,,,,,,,,,,,,,,,,100.0,2.1,,2352.0,0.0,5.0,40.0,0.0,179.0,,279.95,,
2019110608,,0.0,0.0,,,279.16,,,,,,,,,,,,,,,,,,0.0,,,,,,,,,,,,,,,,,,,,,,,,,,,,,,,,,,,,,,,,,,,,,,,,,,,,,,,,,,,,,,,,,,,,,,,,,,,,,,,,,,,,,,,0.0,88886.0,88891.0,9.999e+20,278.32,0.0,5.6,1.2,,,0.0,,,115.0,0.0,100.0,0.0,0.0,0.0,88888.2,87.0,0.0,,,,,280.37,9.999e+20,,,0.0,0.014,18579.0,566.0,30.0,9.999e+20,2.0,0.52,2.0,4.7,9.999e+20,,,,,,,,,,,,,0.0,,,,,,,,,,,,,,,,,,,,,,,,,,,,,,,,,,,,,,,,,,,,,,,,,,,,,,,,,,,,,,100.0,2.7,,2392.0,0.0,4.7,40.0,0.0,175.0,,279.85,,
2019110609,,0.0,0.0,,,278.57,,,,,,,,,,,,,,,,,,0.0,,,,,,,,,,,,,,,,,,,,,,,,,,,,,,,,,,,,,,,,,,,,,,,,,,,,,,,,,,,,,,,,,,,,,,,,,,,,,,,,,,,,,,,0.0,88886.0,88891.0,9.999e+20,278.17,0.0,5.6,1.12,,9.999e+20,0.0,,,115.0,0.0,100.0,0.0,0.0,0.0,88888.2,90.0,0.0,,,,,279.71,9.999e+20,,,0.0,0.014,18329.0,546.0,30.0,9.999e+20,2.0,0.52,2.0,4.7,9.999e+20,,,,,,,,,,,,,0.0,,,,,,,,,,,,,,,,,,,,,,,,,,,,,,,,,,,,,,,,,,,,,,,,,,,,,,,,,,,,,,100.0,1.5,,2336.0,0.0,5.0,40.0,0.0,163.0,0.0,279.85,9.999e+20,
2019110610,,0.0,0.0,,,278.63,,,,,,,,,,,,,,,,,,0.0,,,,,,,,,,,,,,,,,,,,,,,,,,,,,,,,,,,,,,,,,,,,,,,,,,,,,,,,,,,,,,,,,,,,,,,,,,,,,,,,,,,,,,,0.0,88886.0,88891.0,9.999e+20,278.08,10.0,5.2,0.92,,,0.0,,,107.0,0.0,100.0,0.0,0.0,0.0,88888.2,90.0,0.0,,,,,279.93,9.999e+20,,,0.0,0.014,18353.0,527.0,40.0,9.999e+20,2.0,0.4,2.0,4.6,9.999e+20,,,,,,,,,,,,,0.0,,,,,,,,,,,,,,,,,,,,,,,,,,,,,,,,,,,,,,,,,,,,,,,,,,,,,,,,,,,,,,100.0,1.7,,2320.0,0.0,4.7,50.0,0.0,159.0,,279.95,,
2019110611,,0.0,0.0,,,278.42,,,,,,,,,,,,,,,,,,0.0,,,,,,,,,,,,,,,,,,,,,,,,,,,,,,,,,,,,,,,,,,,,,,,,,,,,,,,,,,,,,,,,,,,,,,,,,,,,,,,,,,,,,,,0.0,88886.0,88890.0,9.999e+20,277.95,20.0,5.2,1.4,,,0.0,,,107.0,0.0,100.0,0.0,0.0,0.0,88888.2,90.0,0.0,,,,,279.56,9.999e+20,,,0.0,0.014,18760.0,529.0,50.0,9.999e+20,2.0,0.4,2.0,4.2,9.999e+20,,,,,,,,,,,,,0.0,,,,,,,,,,,,,,,,,,,,,,,,,,,,,,,,,,,,,,,,,,,,,,,,,,,,,,,,,,,,,,100.0,1.9,,2288.0,0.0,4.6,60.0,0.0,150.0,,279.75,,
2019110612,0.0,0.0,0.0,0.0,0.0,278.01,0.0,0.0,0.0,0.0,0.0,0.0,0.0,0.0,0.0,0.0,0.0,0.0,0.0,0.0,0.0,0.0,0.0,0.0,,,,,,,,,,,,,,,,,,,,,,,,,,,,,,,,,,,,,,,,,,,,,,,,,,,,,,,,,,,,,,,,,,,,,0.0,,,,,,,,,,,,,,,,,,0.0,88886.0,88889.0,9.999e+20,278.03,31.0,5.2,1.12,4.0,9.999e+20,0.0,,,107.0,0.0,100.0,0.0,0.0,0.0,88888.2,92.0,0.0,,,279.01,1.08,279.22,9.999e+20,,,0.0,0.018,18954.0,529.0,60.0,9.999e+20,2.0,0.52,2.0,4.2,9.999e+20,0.0,0.0,0.0,0.0,0.0,0.0,0.0,0.0,0.0,0.0,0.0,0.0,0.0,,,,,,,,,,,,,,,,,,,,,,,,,,,,,,,,,,,,,,,,,,,,,,,,,0.0,,,,,,,,,,,,,100.0,1.9,0.0,2296.0,0.0,4.6,60.0,0.0,145.0,0.0,279.75,9.999e+20,4.0
2019110613,,0.0,0.0,,,279.78,,,,,,,,,,,,,,,,,,0.0,,,,,,,,,,,,,,,,,,,,,,,,,,,,,,,,,,,,,,,,,,,,,,,,,,,,,,,,,,,,,,,,,,,,,,,,,,,,,,,,,,,,,,,0.0,88886.0,88886.0,9.999e+20,279.01,94.0,6.0,1.4,,,0.0,,,115.0,0.0,100.0,0.0,0.0,0.0,88888.2,88.0,0.0,,,,,281.15,9.999e+20,,,0.0,0.014,18740.0,544.0,70.0,9.999e+20,2.0,0.5,2.0,4.6,9.999e+20,,,,,,,,,,,,,0.0,,,,,,,,,,,,,,,,,,,,,,,,,,,,,,,,,,,,,,,,,,,,,,,,,,,,,,,,,,,,,,100.0,2.0,,2296.0,0.0,4.7,70.0,0.0,141.0,,279.55,,
2019110614,,0.0,0.0,,,283.41,,,,,,,,,,,,,,,,,,0.0,,,,,,,,,,,,,,,,,,,,,,,,,,,,,,,,,,,,,,,,,,,,,,,,,,,,,,,,,,,,,,,,,,,,,,,,,,,,,,,,,,,,,,,0.0,88886.0,88888.0,9.999e+20,279.85,269.0,6.4,1.12,,,0.0,,,187.0,0.0,100.0,0.0,0.0,0.0,88888.2,79.0,1.0,,,,,283.08,9.999e+20,,,0.0,0.014,19017.0,954.0,80.0,9.999e+20,2.4,0.5,2.4,4.2,9.999e+20,,,,,,,,,,,,,0.0,,,,,,,,,,,,,,,,,,,,,,,,,,,,,,,,,,,,,,,,,,,,,,,,,,,,,,,,,,,,,,100.0,1.8,,2368.0,0.0,5.0,80.0,0.0,144.0,,279.45,,
2019110615,,0.0,0.0,,,285.53,,,,,,,,,,,,,,,,,,0.0,,,,,,,,,,,,,,,,,,,,,,,,,,,,,,,,,,,,,,,,,,,,,,,,,,,,,,,,,,,,,,,,,,,,,,,,,,,,,,,,,,,,,,,0.0,88886.0,88886.0,9.999e+20,280.45,396.0,6.0,0.92,,9.999e+20,0.0,,,398.0,0.0,100.0,0.0,0.0,0.0,88888.2,72.0,6.0,,,,,285.28,9.999e+20,,,0.0,0.014,19426.0,2006.0,90.0,9.999e+20,2.4,0.4,2.8,3.4,9.999e+20,,,,,,,,,,,,,0.0,,,,,,,,,,,,,,,,,,,,,,,,,,,,,,,,,,,,,,,,,,,,,,,,,,,,,,,,,,,,,,100.0,2.2,,2336.0,1.0,5.2,90.0,0.0,147.0,0.0,279.75,9.999e+20,
2019110616,,0.0,0.0,,,287.59,,,,,,,,,,,,,,,,,,0.0,,,,,,,,,,,,,,,,,,,,,,,,,,,,,,,,,,,,,,,,,,,,,,,,,,,,,,,,,,,,,,,,,,,,,,,,,,,,,,,,,,,,,,,0.0,88886.0,88891.0,9.999e+20,281.1,499.0,5.7,1.2,,,0.0,,,406.0,0.0,100.0,0.0,0.0,0.0,88888.2,66.0,5.0,,,,,287.56,9.999e+20,,,0.0,0.014,19919.0,2001.0,100.0,9.999e+20,2.4,0.5,2.4,3.4,9.999e+20,,,,,,,,,,,,,0.0,,,,,,,,,,,,,,,,,,,,,,,,,,,,,,,,,,,,,,,,,,,,,,,,,,,,,,,,,,,,,,100.0,5.6,,2424.0,0.0,5.3,100.0,0.0,159.0,,279.95,,
2019110617,,0.0,0.0,,,289.23,,,,,,,,,,,,,,,,,,0.0,,,,,,,,,,,,,,,,,,,,,,,,,,,,,,,,,,,,,,,,,,,,,,,,,,,,,,,,,,,,,,,,,,,,,,,,,,,,,,,,,,,,,,,0.0,88886.0,88888.0,9.999e+20,281.53,561.0,5.3,0.7,,,0.0,,,575.0,0.0,100.0,0.0,0.0,0.0,88888.2,61.0,1.0,,,,,289.23,9.999e+20,,,0.0,0.014,20072.0,2454.0,110.0,9.999e+20,2.0,0.42,2.4,3.0,9.999e+20,,,,,,,,,,,,,0.0,,,,,,,,,,,,,,,,,,,,,,,,,,,,,,,,,,,,,,,,,,,,,,,,,,,,,,,,,,,,,,100.0,3.0,,2448.0,0.0,4.4,110.0,0.0,168.0,,280.05,,
2019110618,,0.0,0.0,0.0,0.0,290.41,,,,,,,,,,,,,,,,,,0.0,0.0,0.0,0.0,0.0,0.0,0.0,0.0,0.0,0.0,0.0,0.0,0.0,0.0,0.0,0.0,0.0,0.0,,,,,,,,,,,,,,,,,,,,,,,,,,,,,,,,,,,,,,,,,,,,,,,,,,,,0.0,,,,,,,,,,,,,,,,,,0.0,88886.0,88890.0,9.999e+20,282.15,579.0,4.7,0.62,4.0,9.999e+20,0.0,92.0,,639.0,0.0,100.0,0.0,0.0,0.0,88888.2,58.0,1.0,,,,,290.47,9.999e+20,,0.0,0.0,0.014,20318.0,2405.0,110.0,9.999e+20,2.0,0.4,2.0,3.0,9.999e+20,,,,,,,,,,,,,0.0,0.0,0.0,0.0,0.0,0.0,0.0,0.0,0.0,0.0,0.0,0.0,0.0,,,,,,,,,,,,,,,,,,,,,,,,,,,,,,,,,,,,,0.0,,,,,,,,,,,,,100.0,2.7,,2432.0,1.0,3.7,130.0,0.0,174.0,0.0,280.45,9.999e+20,8.0
2019110619,,0.0,0.0,,,291.26,,,,,,,,,,,,,,,,,,0.0,,,,,,,,,,,,,,,,,,,,,,,,,,,,,,,,,,,,,,,,,,,,,,,,,,,,,,,,,,,,,,,,,,,,,,,,,,,,,,,,,,,,,,,0.0,88886.0,88891.0,9.999e+20,282.22,607.0,4.6,0.5,,,0.0,,,755.0,0.0,100.0,0.0,0.0,0.0,88888.2,56.0,1.0,,,,,291.16,9.999e+20,,,0.0,0.027,18196.0,2843.0,120.0,9.999e+20,1.6,0.42,1.6,2.7,9.999e+20,,,,,,,,,,,,,0.0,,,,,,,,,,,,,,,,,,,,,,,,,,,,,,,,,,,,,,,,,,,,,,,,,,,,,,,,,,,,,,100.0,2.4,,2472.0,1.0,4.0,140.0,0.0,177.0,,280.85,,
2019110620,,0.0,0.0,,,291.81,,,,,,,,,,,,,,,,,,0.0,,,,,,,,,,,,,,,,,,,,,,,,,,,,,,,,,,,,,,,,,,,,,,,,,,,,,,,,,,,,,,,,,,,,,,,,,,,,,,,,,,,,,,,0.0,7110.0,88885.0,9.999e+20,282.42,476.0,3.9,0.5,,,0.0,,,758.0,0.0,100.0,0.0,0.0,0.0,88888.2,55.0,1.0,,,,,291.8,9.999e+20,,,0.0,0.022,18130.0,2729.0,120.0,9.999e+20,1.6,0.62,1.6,2.3,9.999e+20,,,,,,,,,,,,,0.0,,,,,,,,,,,,,,,,,,,,,,,,,,,,,,,,,,,,,,,,,,,,,,,,,,,,,,,,,,,,,,100.0,4.0,,2384.0,1.0,3.6,130.0,0.0,177.0,,280.85,,
2019110621,,0.0,0.0,,,292.2,,,,,,,,,,,,,,,,,,0.0,,,,,,,,,,,,,,,,,,,,,,,,,,,,,,,,,,,,,,,,,,,,,,,,,,,,,,,,,,,,,,,,,,,,,,,,,,,,,,,,,,,,,,,0.0,88886.0,88891.0,9.999e+20,282.89,367.0,4.1,0.7,,9.999e+20,0.0,,,734.0,0.0,100.0,0.0,0.0,0.0,88888.2,56.0,3.0,,,,,292.14,9.999e+20,,,0.0,0.027,18210.0,2653.0,120.0,9.999e+20,1.6,0.72,1.6,2.3,9.999e+20,,,,,,,,,,,,,0.0,,,,,,,,,,,,,,,,,,,,,,,,,,,,,,,,,,,,,,,,,,,,,,,,,,,,,,,,,,,,,,100.0,2.7,,2416.0,1.0,4.0,140.0,0.0,192.0,0.0,281.75,9.999e+20,
2019110622,,0.0,0.0,,,291.02,,,,,,,,,,,,,,,,,,0.0,,,,,,,,,,,,,,,,,,,,,,,,,,,,,,,,,,,,,,,,,,,,,,,,,,,,,,,,,,,,,,,,,,,,,,,,,,,,,,,,,,,,,,,0.0,8070.0,88888.0,9.999e+20,283.2,213.0,3.6,0.72,,,0.0,,,134.0,0.0,100.0,0.0,0.0,0.0,88888.2,61.0,6.0,,,,,290.96,9.999e+20,,,0.0,0.022,18117.0,287.0,110.0,9.999e+20,1.2,0.72,1.2,2.3,9.999e+20,,,,,,,,,,,,,0.0,,,,,,,,,,,,,,,,,,,,,,,,,,,,,,,,,,,,,,,,,,,,,,,,,,,,,,,,,,,,,,100.0,2.0,,2448.0,2.0,2.4,130.0,0.0,205.0,,282.65,,
2019110623,,0.0,0.0,,,289.33,,,,,,,,,,,,,,,,,,0.0,,,,,,,,,,,,,,,,,,,,,,,,,,,,,,,,,,,,,,,,,,,,,,,,,,,,,,,,,,,,,,,,,,,,,,,,,,,,,,,,,,,,,,,0.0,8078.0,88891.0,9.999e+20,283.33,119.0,3.3,0.9,,,0.0,,,134.0,0.0,100.0,0.0,0.0,0.0,88888.2,68.0,16.0,,,,,289.11,9.999e+20,,,0.0,0.022,18512.0,297.0,90.0,9.999e+20,0.8,0.5,0.8,2.3,9.999e+20,,,,,,,,,,,,,0.0,,,,,,,,,,,,,,,,,,,,,,,,,,,,,,,,,,,,,,,,,,,,,,,,,,,,,,,,,,,,,,100.0,2.5,,2536.0,2.0,2.0,110.0,0.0,236.0,,283.25,,
2019110700,0.0,0.0,0.0,0.0,0.0,287.42,,,,,,,,,,,,,,,,,,0.0,0.0,0.0,0.0,0.0,0.0,0.0,0.0,0.0,0.0,0.0,0.0,0.0,0.0,0.0,0.0,0.0,0.0,,,,,,,,,,,,,,,,,,,,,,,,,,,,,,,,,,,,,,,,,,,,,,,,,,,,0.0,,,,,,,,,,,,,,,,,,0.0,8078.0,88886.0,9.999e+20,283.54,92.0,3.3,0.9,5.0,9.999e+20,0.0,,,134.0,0.0,100.0,0.0,0.0,0.0,88888.2,79.0,12.0,292.68,0.97,,,287.23,9.999e+20,,0.0,0.0,0.027,18520.0,390.0,90.0,9.999e+20,0.8,0.52,1.2,2.7,9.999e+20,,,,,,,,,,,,,0.0,0.0,0.0,0.0,0.0,0.0,0.0,0.0,0.0,0.0,0.0,0.0,0.0,,,,,,,,,,,,,,,,,,,,,,,,,,,,,,,,,,,,,0.0,,,,,,,,,,,,,100.0,2.0,0.0,2512.0,2.0,3.2,80.0,0.0,244.0,0.0,283.05,9.999e+20,7.2
2019110703,,0.0,,,,285.34,,,,,,,,,,,,,,,,,,,,,,,,,,,,,,,,,,,,,,,,,,,,,,,,,,,,,,,,,,,,,,,,,,,,,,,,,,,,,,,,,,,,,,,,,,,,,,,,,,,,,,,,,0.0,3929.0,88888.0,,283.46,0.0,4.8,1.6,,9.999e+20,,,,126.0,0.0,100.0,0.0,0.0,0.0,,89.0,30.0,,,,,285.05,9.999e+20,,,0.0,,18368.0,602.0,120.0,,1.6,0.72,2.0,2.9,,,,,,,,,,,,,,,,,,,,,,,,,,,,,,,,,,,,,,,,,,,,,,,,,,,,,,,,,,,,,,,,,,,,,,,,,,,,87.7,1.6,,2520.0,2.0,4.8,130.0,0.0,284.0,0.0,283.55,9.999e+20,
2019110706,,0.0,,0.0,0.0,284.71,,,,,,,,,,,,,,,,,,,0.0,0.0,0.0,0.0,0.0,0.0,0.0,0.0,0.0,0.0,0.0,0.0,0.0,0.0,0.0,0.0,0.0,,,,,,,,,,,,,,,,,,,,,,,,,,,,,,,,,,,,,,,,,,,,,,,,,,,,0.0,,,,,,,,,,,,,,,,,,1.0,153.0,88888.0,,283.34,0.0,6.0,1.6,5.0,9.999e+20,,,56.0,302.0,0.0,100.0,0.0,0.0,0.0,,92.0,55.0,,,,,284.66,9.999e+20,,0.0,0.0,,18343.0,1797.0,120.0,,2.0,0.6,2.4,3.3,,,,,,,,,,,,,,,0.0,0.0,0.0,0.0,0.0,0.0,0.0,0.0,0.0,0.0,0.0,0.0,,,,,,,,,,,,,,,,,,,,,,,,,,,,,,,,,,,,,0.0,,,,,,,,,,,,,72.4,1.1,,2784.0,2.0,5.2,140.0,0.0,320.0,0.0,284.05,9.999e+20,3.2
2019110709,,0.0,,,,284.19,,,,,,,,,,,,,,,,,,,,,,,,,,,,,,,,,,,,,,,,,,,,,,,,,,,,,,,,,,,,,,,,,,,,,,,,,,,,,,,,,,,,,,,,,,,,,,,,,,,,,,,,,0.0,105.0,1112.0,,282.89,0.0,5.6,1.6,,9.999e+20,,,,126.0,0.0,100.0,0.0,0.0,0.0,,91.0,72.0,,,,,284.4,9.999e+20,,,0.0,,14476.0,536.0,110.0,,2.0,0.52,2.4,3.3,,,,,,,,,,,,,,,,,,,,,,,,,,,,,,,,,,,,,,,,,,,,,,,,,,,,,,,,,,,,,,,,,,,,,,,,,,,,31.0,1.4,,2880.0,2.0,4.0,130.0,0.0,409.0,0.0,285.25,9.999e+20,
2019110712,2.0,0.0,,0.0,2.0,284.7,0.0,0.0,0.0,0.0,0.0,0.0,0.0,0.0,0.0,0.0,0.0,0.0,0.0,0.0,0.0,0.0,0.0,,,,,,,,,,,,,,,,,,,0.0,0.0,0.0,0.0,0.0,0.0,0.0,0.0,0.0,0.0,0.0,0.0,0.0,0.0,0.0,0.0,0.0,,,,,,,,,,,,,,,,,,,,,,,,,,,,,,,,,,,0.0,,,,,,,,,,,,,,,,,,2.0,406.0,1808.0,,283.2,19.0,6.4,1.72,4.0,9.999e+20,,,,214.0,0.0,100.0,0.0,0.0,0.0,,91.0,86.0,,,283.39,1.23,284.64,9.999e+20,0.0,,0.0,,17155.0,1337.0,120.0,,2.0,0.6,2.4,3.2,,0.0,0.0,0.0,0.0,0.0,0.0,0.0,0.0,0.0,0.0,0.0,0.0,,,,,,,,,,,,,,0.0,0.0,0.0,0.0,0.0,0.0,0.0,0.0,0.0,0.0,0.0,0.0,,,,,,,,,,,,,,,,,,,,,,,,,0.0,,,,,,,,,,,,,15.0,1.3,0.0,2936.0,1.0,5.2,130.0,0.0,440.0,0.0,285.45,9.999e+20,3.2
2019110715,,0.0,,,,287.27,,,,,,,,,,,,,,,,,,,,,,,,,,,,,,,,,,,,,,,,,,,,,,,,,,,,,,,,,,,,,,,,,,,,,,,,,,,,,,,,,,,,,,,,,,,,,,,,,,,,,,,,,4.0,350.0,696.0,,284.81,80.0,5.0,0.92,,9.999e+20,,,,390.0,0.0,100.0,0.0,0.0,0.0,,85.0,92.0,,,,,287.3,9.999e+20,,,1.0,,18862.0,2120.0,140.0,,2.0,0.4,2.4,2.9,,,,,,,,,,,,,,,,,,,,,,,,,,,,,,,,,,,,,,,,,,,,,,,,,,,,,,,,,,,,,,,,,,,,,,,,,,,,24.6,0.9,,2904.0,0.0,5.2,160.0,0.0,464.0,0.0,285.65,9.999e+20,
2019110718,,0.0,,0.0,20.0,289.25,,,,,,,,,,,,,,,,,,,0.0,0.0,0.0,0.0,0.0,0.0,0.0,0.0,0.0,0.0,0.0,0.0,0.0,0.0,0.0,0.0,0.0,,,,,,,,,,,,,,,,,,,,,,,,,,,,,,,,,,,0.0,0.0,0.0,0.0,0.0,0.0,0.0,0.0,0.0,0.0,0.0,0.0,0.0,0.0,0.0,0.0,0.0,0.0,,,,,,,,,,,,,,,,,,8.0,230.0,536.0,,285.62,77.0,4.0,1.3,2.0,9.999e+20,,92.0,,394.0,0.0,100.0,0.0,0.0,0.0,,81.0,93.0,,,,,289.1,9.999e+20,,0.0,1.0,,18953.0,1357.0,160.0,,1.6,0.8,1.6,2.1,,,,,,,,,,,,,,,0.0,0.0,0.0,0.0,0.0,0.0,0.0,0.0,0.0,0.0,0.0,0.0,,,,,,,,,,,,,,,,,,,,,,,,,0.0,0.0,0.0,0.0,0.0,0.0,0.0,0.0,0.0,0.0,0.0,0.0,0.0,,,,,,,,,,,,,48.2,1.3,,2792.0,2.0,3.2,180.0,0.0,461.0,0.0,285.55,9.999e+20,4.0
2019110721,,0.762,,,,289.8,,,,,,,,,,,,,,,,,,,,,,,,,,,,,,,,,,,,,,,,,,,,,,,,,,,,,,,,,,,,,,,,,,,,,,,,,,,,,,,,,,,,,,,,,,,,,,,,,,,,,,,,,43.0,38.0,336.0,,286.54,71.0,3.9,1.52,,9.999e+20,,,,392.0,0.0,100.0,0.0,0.0,0.0,,82.0,97.0,,,,,289.66,9.999e+20,,,1.0,,8195.0,936.0,210.0,,1.2,0.8,1.2,2.0,,,,,,,,,,,,,,,,,,,,,,,,,,,,,,,,,,,,,,,,,,,,,,,,,,,,,,,,,,,,,,,,,,,,,,,,,,,,70.9,1.2,,2936.0,1.0,2.4,340.0,0.0,492.0,0.0,285.25,9.999e+20,
2019110800,71.0,1.27,,10.16,71.0,287.4,,,,,,,,,,,,,,,,,,,0.0,0.0,0.0,0.0,0.0,0.0,0.0,0.0,0.0,0.0,0.0,0.0,0.0,0.0,0.0,0.0,0.0,,,,,,,,,,,,,,,,,,,,,,,,,,,,,,,,,,,0.0,0.0,0.0,0.0,0.0,0.0,0.0,0.0,0.0,0.0,0.0,0.0,0.0,0.0,0.0,0.0,0.0,0.0,,,,,,,,,,,,,,,,,,17.0,726.0,104.0,,286.74,35.0,4.9,2.4,3.0,9.999e+20,,,,128.0,0.0,100.0,0.0,0.0,0.0,,95.0,99.0,290.54,0.97,,,287.45,9.999e+20,,0.0,1.0,,7820.0,431.0,340.0,,1.2,0.92,1.6,2.0,,,,,,,,,,,,,,,0.0,0.0,0.0,0.0,0.0,0.0,0.0,0.0,0.0,0.0,0.0,0.0,,,,,,,,,,,,,,,,,,,,,,,,,0.0,0.0,0.0,0.0,0.0,0.0,0.0,0.0,0.0,0.0,0.0,0.0,0.0,,,,,,,,,,,,,93.1,2.3,6.0,3096.0,1.0,3.2,350.0,0.0,451.0,0.0,284.05,9.999e+20,4.2
2019110803,,2.032,,,,284.97,,,,,,,,,,,,,,,,,,,,,,,,,,,,,,,,,,,,,,,,,,,,,,,,,,,,,,,,,,,,,,,,,,,,,,,,,,,,,,,,,,,,,,,,,,,,,,,,,,,,,,,,,8.0,174.0,104.0,,284.51,0.0,6.8,3.12,,9.999e+20,,,,256.0,0.0,100.0,0.0,0.0,0.0,,99.0,99.0,,,,,284.62,9.999e+20,,,1.0,,8337.0,1753.0,340.0,,3.2,1.72,3.6,4.8,,,,,,,,,,,,,,,,,,,,,,,,,,,,,,,,,,,,,,,,,,,,,,,,,,,,,,,,,,,,,,,,,,,,,,,,,,,,91.1,1.3,,3048.0,2.0,5.2,350.0,0.0,379.0,0.0,282.05,9.999e+20,
2019110806,,3.048,,12.446,72.0,278.96,,,,,,,,,,,,,,,,,,,0.0,0.0,0.0,0.0,0.0,0.0,0.0,0.0,0.0,0.0,0.0,0.0,0.0,0.0,0.0,0.0,0.0,,,,,,,,,,,,,,,,,,,,,,,,,,,,,,,,,,,0.0,0.0,0.0,0.0,0.0,0.0,0.0,0.0,0.0,0.0,0.0,0.0,0.0,0.0,0.0,0.0,0.0,0.0,,,,,,,,,,,,,,,,,,3.0,270.0,368.0,,280.87,0.0,10.0,2.4,3.0,9.999e+20,,,81.0,384.0,0.0,100.0,0.0,0.0,0.0,,94.0,97.0,,,,,281.7,9.999e+20,,0.0,0.0,,15900.0,3995.0,350.0,,4.8,1.4,5.6,6.8,,,,,,,,,,,,,,,0.0,0.0,0.0,0.0,0.0,0.0,0.0,0.0,0.0,0.0,0.0,0.0,,,,,,,,,,,,,,,,,,,,,,,,,0.0,0.0,0.0,0.0,0.0,0.0,0.0,0.0,0.0,0.0,0.0,0.0,0.0,,,,,,,,,,,,,6.0,1.7,,2728.0,2.0,10.4,360.0,0.0,245.0,0.0,279.05,9.999e+20,5.2
2019110809,,1.016,,,,275.76,,,,,,,,,,,,,,,,,,,,,,,,,,,,,,,,,,,,,,,,,,,,,,,,,,,,,,,,,,,,,,,,,,,,,,,,,,,,,,,,,,,,,,,,,,,,,,,,,,,,,,,,,3.0,4910.0,1328.0,,277.39,0.0,9.6,1.8,,9.999e+20,,,,504.0,0.0,100.0,0.0,0.0,0.0,,89.0,97.0,,,,,279.07,9.999e+20,,,0.0,,17341.0,5469.0,360.0,,4.8,1.12,5.6,6.8,,,,,,,,,,,,,,,,,,,,,,,,,,,,,,,,,,,,,,,,,,,,,,,,,,,,,,,,,,,,,,,,,,,,,,,,,,,,92.8,1.8,,1536.0,3.0,10.4,0.0,0.0,52.0,0.0,274.55,9.999e+20,
2019110812,72.0,0.0,,0.0,20.0,273.24,0.0,0.0,0.0,0.0,0.0,0.0,0.0,0.0,0.0,0.0,0.0,0.0,0.0,0.0,0.0,0.0,0.0,,,,,,,,,,,,,,,,,,,0.0,0.0,0.0,0.0,0.0,0.0,0.0,0.0,0.0,0.0,0.0,0.0,0.0,0.0,0.0,0.0,0.0,0.0,0.0,0.0,0.0,0.0,0.0,0.0,0.0,0.0,0.0,0.0,0.0,0.0,0.0,0.0,0.0,0.0,,,,,,,,,,,,,,,,,,0.0,,,,,,,,,,,,,,,,,,1.0,4998.0,88888.0,,274.64,77.0,9.3,1.02,4.0,9.999e+20,,,,376.0,0.0,40.5,0.0,59.5,0.0,,84.0,71.0,,,275.89,2.22,276.73,9.999e+20,5.0,,0.0,,17314.0,3667.0,0.0,,4.8,0.8,5.2,6.4,,0.0,0.0,0.0,0.0,0.0,0.0,0.0,0.0,0.0,0.0,0.0,0.0,,,,,,,,,,,,,,0.0,0.0,0.0,0.0,0.0,0.0,0.0,0.0,0.0,0.0,0.0,0.0,0.0,0.0,0.0,0.0,0.0,0.0,0.0,0.0,0.0,0.0,0.0,0.0,,,,,,,,,,,,,0.0,,,,,,,,,,,,,100.0,1.8,11.0,512.0,3.0,8.4,10.0,0.0,11.0,0.0,271.65,9.999e+20,8.0
2019110815,,0.0,,,,274.33,,,,,,,,,,,,,,,,,,,,,,,,,,,,,,,,,,,,,,,,,,,,,,,,,,,,,,,,,,,,,,,,,,,,,,,,,,,,,,,,,,,,,,,,,,,,,,,,,,,,,,,,,1.0,4998.0,,,272.61,184.0,8.9,1.12,,9.999e+20,,,,768.0,0.0,62.5,0.0,37.5,0.0,,69.0,65.0,,,,,277.76,9.999e+20,,,1.0,,24083.0,6872.0,10.0,,4.4,0.72,5.2,6.0,,,,,,,,,,,,,,,,,,,,,,,,,,,,,,,,,,,,,,,,,,,,,,,,,,,,,,,,,,,,,,,,,,,,,,,,,,,,100.0,2.2,,344.0,1.0,9.2,20.0,0.0,5.0,0.0,271.25,9.999e+20,
2019110818,,0.0,,0.0,10.0,277.45,,,,,,,,,,,,,,,,,,,0.0,0.0,0.0,0.0,0.0,0.0,0.0,0.0,0.0,0.0,0.0,0.0,0.0,0.0,0.0,0.0,0.0,,,,,,,,,,,,,,,,,,,,,,,,,,,,,,,,,,,0.0,0.0,0.0,0.0,0.0,0.0,0.0,0.0,0.0,0.0,0.0,0.0,0.0,0.0,0.0,0.0,0.0,0.0,0.0,0.0,0.0,0.0,0.0,0.0,0.0,0.0,0.0,0.0,0.0,0.0,0.0,0.0,0.0,0.0,0.0,0.0,7390.0,,,271.77,339.0,8.3,1.8,4.0,9.999e+20,,94.0,,771.0,0.0,100.0,0.0,0.0,0.0,,54.0,61.0,,,,,280.49,9.999e+20,,8.0,1.0,,24093.0,5118.0,10.0,,4.0,0.72,4.4,5.6,,,,,,,,,,,,,,,0.0,0.0,0.0,0.0,0.0,0.0,0.0,0.0,0.0,0.0,0.0,0.0,,,,,,,,,,,,,,,,,,,,,,,,,0.0,0.0,0.0,0.0,0.0,0.0,0.0,0.0,0.0,0.0,0.0,0.0,0.0,0.0,0.0,0.0,0.0,0.0,0.0,0.0,0.0,0.0,0.0,0.0,0.0,100.0,2.5,,616.0,3.0,6.4,10.0,0.0,2.0,0.0,271.85,9.999e+20,16.2
2019110821,,0.0,,,,279.34,,,,,,,,,,,,,,,,,,,,,,,,,,,,,,,,,,,,,,,,,,,,,,,,,,,,,,,,,,,,,,,,,,,,,,,,,,,,,,,,,,,,,,,,,,,,,,,,,,,,,,,,,0.0,5350.0,,,271.67,418.0,6.7,0.72,,9.999e+20,,,,918.0,0.0,100.0,0.0,0.0,0.0,,50.0,54.0,,,,,281.41,9.999e+20,,,0.0,,24096.0,5192.0,10.0,,3.6,0.8,4.0,4.9,,,,,,,,,,,,,,,,,,,,,,,,,,,,,,,,,,,,,,,,,,,,,,,,,,,,,,,,,,,,,,,,,,,,,,,,,,,,100.0,1.6,,752.0,3.0,6.0,40.0,0.0,2.0,,272.55,9.999e+20,
2019110900,10.0,0.0,,0.0,8.0,275.85,,,,,,,,,,,,,,,,,,,0.0,0.0,0.0,0.0,0.0,0.0,0.0,0.0,0.0,0.0,0.0,0.0,0.0,0.0,0.0,0.0,0.0,,,,,,,,,,,,,,,,,,,,,,,,,,,,,,,,,,,0.0,0.0,0.0,0.0,0.0,0.0,0.0,0.0,0.0,0.0,0.0,0.0,0.0,0.0,0.0,0.0,0.0,0.0,0.0,0.0,0.0,0.0,0.0,0.0,0.0,0.0,0.0,0.0,0.0,0.0,0.0,0.0,0.0,0.0,0.0,0.0,7918.0,,,271.65,224.0,5.0,0.6,4.0,9.999e+20,,,,125.0,0.0,100.0,0.0,0.0,0.0,,64.0,41.0,282.5,0.82,,,277.7,9.999e+20,,4.0,0.0,,24097.0,568.0,10.0,,2.4,0.8,2.8,3.6,,,,,,,,,,,,,,,0.0,0.0,0.0,0.0,0.0,0.0,0.0,0.0,0.0,0.0,0.0,0.0,,,,,,,,,,,,,,,,,,,,,,,,,0.0,0.0,0.0,0.0,0.0,0.0,0.0,0.0,0.0,0.0,0.0,0.0,0.0,0.0,0.0,0.0,0.0,0.0,0.0,0.0,0.0,0.0,0.0,0.0,0.0,100.0,3.1,0.0,624.0,3.0,5.2,40.0,0.0,1.0,,272.15,9.999e+20,16.2
2019110903,,0.0,,,,273.35,,,,,,,,,,,,,,,,,,,,,,,,,,,,,,,,,,,,,,,,,,,,,,,,,,,,,,,,,,,,,,,,,,,,,,,,,,,,,,,,,,,,,,,,,,,,,,,,,,,,,,,,,0.0,,,,271.34,0.0,5.2,1.2,,9.999e+20,,,,126.0,0.0,61.5,0.0,38.5,0.0,,75.0,41.0,,,,,275.4,9.999e+20,,,0.0,,,470.0,30.0,,2.0,0.92,2.0,3.2,,,,,,,,,,,,,,,,,,,,,,,,,,,,,,,,,,,,,,,,,,,,,,,,,,,,,,,,,,,,,,,,,,,,,,,,,,,,100.0,2.0,,632.0,1.0,4.0,60.0,0.0,8.0,,273.35,9.999e+20,
2019110906,,0.0,,0.0,5.0,272.55,,,,,,,,,,,,,,,,,,,0.0,0.0,0.0,0.0,0.0,0.0,0.0,0.0,0.0,0.0,0.0,0.0,0.0,0.0,0.0,0.0,0.0,,,,,,,,,,,,,,,,,,,,,,,,,,,,,,,,,,,0.0,0.0,0.0,0.0,0.0,0.0,0.0,0.0,0.0,0.0,0.0,0.0,0.0,0.0,0.0,0.0,0.0,0.0,0.0,0.0,0.0,0.0,0.0,0.0,0.0,0.0,0.0,0.0,0.0,0.0,0.0,0.0,0.0,0.0,0.0,0.0,,,,270.99,0.0,4.8,1.32,4.0,9.999e+20,,,50.0,125.0,0.0,50.0,18.8,31.3,0.0,,79.0,35.0,,,,,274.29,9.999e+20,,9.999e+20,0.0,,,424.0,50.0,,1.6,0.92,2.0,2.4,,,,,,,,,,,,,,,0.0,0.0,0.0,0.0,0.0,0.0,0.0,0.0,0.0,0.0,0.0,0.0,,,,,,,,,,,,,,,,,,,,,,,,,0.0,0.0,0.0,0.0,0.0,0.0,0.0,0.0,0.0,0.0,0.0,0.0,0.0,0.0,0.0,0.0,0.0,0.0,0.0,0.0,0.0,0.0,0.0,0.0,0.0,100.0,2.2,,816.0,0.0,3.2,100.0,0.0,9.0,,273.95,9.999e+20,8.2
2019110909,,0.0,,,,272.27,,,,,,,,,,,,,,,,,,,,,,,,,,,,,,,,,,,,,,,,,,,,,,,,,,,,,,,,,,,,,,,,,,,,,,,,,,,,,,,,,,,,,,,,,,,,,,,,,,,,,,,,,0.0,,,,271.19,0.0,4.4,1.52,,9.999e+20,,,,125.0,0.0,51.0,23.1,56.8,0.0,,81.0,53.0,,,,,274.07,9.999e+20,,,0.0,,,448.0,70.0,,1.6,0.72,1.6,2.0,,,,,,,,,,,,,,,,,,,,,,,,,,,,,,,,,,,,,,,,,,,,,,,,,,,,,,,,,,,,,,,,,,,,,,,,,,,,100.0,1.3,,944.0,1.0,4.0,110.0,0.0,6.0,,273.65,9.999e+20,
2019110912,5.0,0.0,,0.0,3.0,272.36,0.0,0.0,0.0,0.0,0.0,0.0,0.0,0.0,0.0,0.0,0.0,0.0,0.0,0.0,0.0,0.0,0.0,,,,,,,,,,,,,,,,,,,0.0,0.0,0.0,0.0,0.0,0.0,0.0,0.0,0.0,0.0,0.0,0.0,0.0,0.0,0.0,0.0,0.0,0.0,0.0,0.0,0.0,0.0,0.0,0.0,0.0,0.0,0.0,0.0,0.0,0.0,0.0,0.0,0.0,0.0,,,,,,,,,,,,,,,,,,0.0,,,,,,,,,,,,,,,,,,0.0,,,,271.16,83.0,4.0,1.32,4.0,9.999e+20,,,,124.0,0.0,47.7,31.3,60.0,0.0,,83.0,40.0,,,272.45,2.43,273.65,9.999e+20,2.0,,0.0,,,504.0,80.0,,1.2,0.6,1.6,2.0,,0.0,0.0,0.0,0.0,0.0,0.0,0.0,0.0,0.0,0.0,0.0,0.0,,,,,,,,,,,,,,0.0,0.0,0.0,0.0,0.0,0.0,0.0,0.0,0.0,0.0,0.0,0.0,0.0,0.0,0.0,0.0,0.0,0.0,0.0,0.0,0.0,0.0,0.0,0.0,,,,,,,,,,,,,0.0,,,,,,,,,,,,,100.0,1.3,0.0,720.0,1.0,4.0,120.0,-1.0,3.0,,273.05,9.999e+20,4.0
2019110915,,0.0,,,,277.74,,,,,,,,,,,,,,,,,,,,,,,,,,,,,,,,,,,,,,,,,,,,,,,,,,,,,,,,,,,,,,,,,,,,,,,,,,,,,,,,,,,,,,,,,,,,,,,,,,,,,,,,,0.0,,,,272.67,205.0,4.5,1.6,,9.999e+20,,,,636.0,0.0,100.0,0.0,0.0,0.0,,65.0,44.0,,,,,278.89,9.999e+20,,,0.0,,,2816.0,120.0,,1.6,0.8,2.0,2.0,,,,,,,,,,,,,,,,,,,,,,,,,,,,,,,,,,,,,,,,,,,,,,,,,,,,,,,,,,,,,,,,,,,,,,,,,,,,100.0,1.3,,760.0,0.0,4.0,150.0,-1.0,2.0,,273.05,9.999e+20,
2019110918,,0.0,,0.0,2.0,282.53,,,,,,,,,,,,,,,,,,,,,,,,,,,,,,,,,,,,,,,,,,,,,,,,,,,,,,,,,,,,,,,,,,,,,,,,,,,,,,,,,,,,,,,0.0,,,,,,,,,,,,,,,,,,0.0,,,,273.4,402.0,4.3,1.12,4.0,9.999e+20,,83.0,,1195.0,0.0,100.0,0.0,0.0,0.0,,52.0,28.0,,,,,282.63,9.999e+20,,,0.0,,,3888.0,170.0,,1.2,0.52,1.6,1.7,,,,,,,,,,,,,,,,,,,,,,,,,,,,,,,,,,,,,,,,,,,,,,,,,,,,,,,,,,,,,,,0.0,,,,,,,,,,,,,100.0,1.0,,960.0,1.0,3.2,210.0,0.0,3.0,,273.65,9.999e+20,6.0
2019110921,,0.0,,,,283.81,,,,,,,,,,,,,,,,,,,,,,,,,,,,,,,,,,,,,,,,,,,,,,,,,,,,,,,,,,,,,,,,,,,,,,,,,,,,,,,,,,,,,,,,,,,,,,,,,,,,,,,,,0.0,,,,273.84,510.0,3.5,0.72,,9.999e+20,,,,1207.0,0.0,100.0,0.0,0.0,0.0,,50.0,29.0,,,,,283.88,9.999e+20,,,0.0,,,3512.0,200.0,,1.2,0.52,1.2,1.3,,,,,,,,,,,,,,,,,,,,,,,,,,,,,,,,,,,,,,,,,,,,,,,,,,,,,,,,,,,,,,,,,,,,,,,,,,,,100.0,0.8,,1216.0,0.0,3.2,240.0,0.0,14.0,,275.15,9.999e+20,
2019111000,2.0,0.0,,0.0,0.0,279.67,,,,,,,,,,,,,,,,,,,0.0,0.0,0.0,0.0,0.0,0.0,0.0,0.0,0.0,0.0,0.0,0.0,0.0,0.0,0.0,0.0,0.0,,,,,,,,,,,,,,,,,,,,,,,,,,,,,,,,,,,0.0,0.0,0.0,0.0,0.0,0.0,0.0,0.0,0.0,0.0,0.0,0.0,0.0,0.0,0.0,0.0,0.0,0.0,0.0,0.0,0.0,0.0,0.0,0.0,0.0,0.0,0.0,0.0,0.0,0.0,0.0,0.0,0.0,0.0,0.0,0.0,,,,275.07,274.0,2.4,0.8,5.0,9.999e+20,,,,127.0,0.0,100.0,0.0,0.0,0.0,,72.0,20.0,285.3,1.64,,,279.77,9.999e+20,,1.0,0.0,,,208.0,160.0,,0.4,0.32,0.4,0.8,,,,,,,,,,,,,,,0.0,0.0,0.0,0.0,0.0,0.0,0.0,0.0,0.0,0.0,0.0,0.0,,,,,,,,,,,,,,,,,,,,,,,,,0.0,0.0,0.0,0.0,0.0,0.0,0.0,0.0,0.0,0.0,0.0,0.0,0.0,0.0,0.0,0.0,0.0,0.0,0.0,0.0,0.0,0.0,0.0,0.0,0.0,100.0,0.8,0.0,1368.0,1.0,2.0,180.0,0.0,21.0,,275.25,9.999e+20,6.0
2019111003,,0.0,,,,277.24,,,,,,,,,,,,,,,,,,,,,,,,,,,,,,,,,,,,,,,,,,,,,,,,,,,,,,,,,,,,,,,,,,,,,,,,,,,,,,,,,,,,,,,,,,,,,,,,,,,,,,,,,0.0,,,,274.79,0.0,2.9,0.4,,9.999e+20,,,,128.0,0.0,100.0,0.0,0.0,0.0,,84.0,14.0,,,,,277.41,9.999e+20,,,0.0,,,288.0,160.0,,0.4,0.32,0.4,0.8,,,,,,,,,,,,,,,,,,,,,,,,,,,,,,,,,,,,,,,,,,,,,,,,,,,,,,,,,,,,,,,,,,,,,,,,,,,,100.0,1.1,,1496.0,0.0,2.0,200.0,0.0,28.0,,275.55,9.999e+20,
2019111006,,0.0,,0.0,0.0,275.82,,,,,,,,,,,,,,,,,,,,,,,,,,,,,,,,,,,,,,,,,,,,,,,,,,,,,,,,,,,,,,,,,,,,,,,,,,,,,,,,,,,,,,,0.0,,,,,,,,,,,,,,,,,,0.0,,,,273.96,0.0,2.8,0.6,4.0,9.999e+20,,,50.0,127.0,0.0,100.0,0.0,0.0,0.0,,87.0,23.0,,,,,276.05,9.999e+20,,,0.0,,,304.0,150.0,,0.4,0.4,0.4,0.8,,,,,,,,,,,,,,,,,,,,,,,,,,,,,,,,,,,,,,,,,,,,,,,,,,,,,,,,,,,,,,,0.0,,,,,,,,,,,,,100.0,0.8,,1688.0,0.0,2.0,180.0,0.0,43.0,,275.45,9.999e+20,2.0
2019111009,,0.0,,,,275.55,,,,,,,,,,,,,,,,,,,,,,,,,,,,,,,,,,,,,,,,,,,,,,,,,,,,,,,,,,,,,,,,,,,,,,,,,,,,,,,,,,,,,,,,,,,,,,,,,,,,,,,,,0.0,,,,273.57,0.0,2.8,0.6,,9.999e+20,,,,127.0,0.0,61.5,38.5,0.0,0.0,,88.0,24.0,,,,,275.34,9.999e+20,,,0.0,,,400.0,160.0,,0.4,0.4,0.4,1.2,,,,,,,,,,,,,,,,,,,,,,,,,,,,,,,,,,,,,,,,,,,,,,,,,,,,,,,,,,,,,,,,,,,,,,,,,,,,100.0,1.0,,1688.0,1.0,3.2,200.0,0.0,37.0,,275.05,9.999e+20,
2019111012,0.0,0.0,,0.0,0.0,275.85,0.0,0.0,0.0,0.0,0.0,0.0,0.0,0.0,0.0,0.0,0.0,0.0,0.0,0.0,0.0,0.0,0.0,,,,,,,,,,,,,,,,,,,0.0,0.0,0.0,0.0,0.0,0.0,0.0,0.0,0.0,0.0,0.0,0.0,0.0,0.0,0.0,0.0,0.0,0.0,0.0,0.0,0.0,0.0,0.0,0.0,0.0,0.0,0.0,0.0,0.0,0.0,0.0,0.0,0.0,0.0,,,,,,,,,,,,,,,,,,0.0,,,,,,,,,,,,,,,,,,0.0,,,,273.88,83.0,2.9,0.52,4.0,9.999e+20,,,,127.0,0.0,68.8,31.3,0.0,0.0,,90.0,25.0,,,273.97,2.42,275.11,9.999e+20,0.0,,0.0,,,376.0,170.0,,0.4,0.4,0.8,1.2,,0.0,0.0,0.0,0.0,0.0,0.0,0.0,0.0,0.0,0.0,0.0,0.0,,,,,,,,,,,,,,0.0,0.0,0.0,0.0,0.0,0.0,0.0,0.0,0.0,0.0,0.0,0.0,0.0,0.0,0.0,0.0,0.0,0.0,0.0,0.0,0.0,0.0,0.0,0.0,,,,,,,,,,,,,0.0,,,,,,,,,,,,,100.0,0.5,0.0,1696.0,1.0,3.2,210.0,-3.0,35.0,,275.15,9.999e+20,1.2
2019111015,,0.0,,,,281.21,,,,,,,,,,,,,,,,,,,,,,,,,,,,,,,,,,,,,,,,,,,,,,,,,,,,,,,,,,,,,,,,,,,,,,,,,,,,,,,,,,,,,,,,,,,,,,,,,,,,,,,,,0.0,,,,276.0,203.0,4.0,0.4,,9.999e+20,,,,383.0,0.0,100.0,0.0,0.0,0.0,,70.0,24.0,,,,,281.05,9.999e+20,,,0.0,,,1640.0,200.0,,1.2,0.4,1.2,1.7,,,,,,,,,,,,,,,,,,,,,,,,,,,,,,,,,,,,,,,,,,,,,,,,,,,,,,,,,,,,,,,,,,,,,,,,,,,,100.0,0.3,,1808.0,0.0,4.0,220.0,0.0,47.0,,275.35,9.999e+20,
2019111018,,0.0,,0.0,0.0,285.95,,,,,,,,,,,,,,,,,,,,,,,,,,,,,,,,,,,,,,,,,,,,,,,,,,,,,,,,,,,,,,,,,,,,,,,,,,,,,,,,,,,,,,,0.0,,,,,,,,,,,,,,,,,,0.0,,,,276.36,395.0,5.2,0.52,4.0,9.999e+20,,90.0,,1217.0,0.0,100.0,0.0,0.0,0.0,,52.0,23.0,,,,,285.94,9.999e+20,,,1.0,,,7816.0,230.0,,1.6,0.52,1.6,2.1,,,,,,,,,,,,,,,,,,,,,,,,,,,,,,,,,,,,,,,,,,,,,,,,,,,,,,,,,,,,,,,0.0,,,,,,,,,,,,,100.0,0.6,,1872.0,2.0,6.0,260.0,0.0,65.0,,276.55,9.999e+20,7.2
2019111021,,0.0,,,,286.55,,,,,,,,,,,,,,,,,,,,,,,,,,,,,,,,,,,,,,,,,,,,,,,,,,,,,,,,,,,,,,,,,,,,,,,,,,,,,,,,,,,,,,,,,,,,,,,,,,,,,,,,,0.0,,,,276.96,500.0,4.8,0.4,,9.999e+20,,,,937.0,0.0,100.0,0.0,0.0,0.0,,51.0,25.0,,,,,286.88,9.999e+20,,,0.0,,,5104.0,240.0,,1.2,0.6,1.6,2.0,,,,,,,,,,,,,,,,,,,,,,,,,,,,,,,,,,,,,,,,,,,,,,,,,,,,,,,,,,,,,,,,,,,,,,,,,,,,100.0,1.7,,1952.0,1.0,5.2,260.0,0.0,86.0,,277.55,9.999e+20,
2019111100,0.0,0.0,,0.0,0.0,282.04,,,,,,,,,,,,,,,,,,,0.0,0.0,0.0,0.0,0.0,0.0,0.0,0.0,0.0,0.0,0.0,0.0,0.0,0.0,0.0,0.0,0.0,,,,,,,,,,,,,,,,,,,,,,,,,,,,,,,,,,,0.0,0.0,0.0,0.0,0.0,0.0,0.0,0.0,0.0,0.0,0.0,0.0,0.0,0.0,0.0,0.0,0.0,0.0,0.0,0.0,0.0,0.0,0.0,0.0,0.0,0.0,0.0,0.0,0.0,0.0,0.0,0.0,0.0,0.0,0.0,0.0,,,,277.55,269.0,2.9,0.72,5.0,9.999e+20,,,,126.0,0.0,100.0,0.0,0.0,0.0,,73.0,22.0,287.87,1.69,,,282.35,9.999e+20,,0.0,0.0,,,488.0,230.0,,0.4,0.4,0.4,1.3,,,,,,,,,,,,,,,0.0,0.0,0.0,0.0,0.0,0.0,0.0,0.0,0.0,0.0,0.0,0.0,,,,,,,,,,,,,,,,,,,,,,,,,0.0,0.0,0.0,0.0,0.0,0.0,0.0,0.0,0.0,0.0,0.0,0.0,0.0,0.0,0.0,0.0,0.0,0.0,0.0,0.0,0.0,0.0,0.0,0.0,0.0,100.0,1.2,0.0,2056.0,1.0,4.0,280.0,0.0,99.0,,277.75,9.999e+20,7.2
2019111103,,0.0,,,,280.44,,,,,,,,,,,,,,,,,,,,,,,,,,,,,,,,,,,,,,,,,,,,,,,,,,,,,,,,,,,,,,,,,,,,,,,,,,,,,,,,,,,,,,,,,,,,,,,,,,,,,,,,,0.0,,,,277.47,0.0,3.0,0.52,,9.999e+20,,,,125.0,0.0,100.0,0.0,0.0,0.0,,85.0,22.0,,,,,279.51,9.999e+20,,,0.0,,,400.0,260.0,,0.4,0.4,0.8,0.8,,,,,,,,,,,,,,,,,,,,,,,,,,,,,,,,,,,,,,,,,,,,,,,,,,,,,,,,,,,,,,,,,,,,,,,,,,,,100.0,1.0,,2056.0,0.0,3.2,330.0,0.0,98.0,,277.25,9.999e+20,
2019111106,,0.0,,0.0,0.0,279.06,,,,,,,,,,,,,,,,,,,,,,,,,,,,,,,,,,,,,,,,,,,,,,,,,,,,,,,,,,,,,,,,,,,,,,,,,,,,,,,,,,,,,,,0.0,,,,,,,,,,,,,,,,,,0.0,,,,276.69,0.0,4.0,0.8,5.0,9.999e+20,,,51.0,125.0,0.0,100.0,0.0,0.0,0.0,,88.0,28.0,,,,,278.24,9.999e+20,,,0.0,,,544.0,290.0,,0.8,0.52,0.8,1.3,,,,,,,,,,,,,,,,,,,,,,,,,,,,,,,,,,,,,,,,,,,,,,,,,,,,,,,,,,,,,,,0.0,,,,,,,,,,,,,81.3,1.2,,2032.0,2.0,4.0,330.0,0.0,107.0,,278.05,9.999e+20,2.0
2019111109,,0.0,,,,276.82,,,,,,,,,,,,,,,,,,,,,,,,,,,,,,,,,,,,,,,,,,,,,,,,,,,,,,,,,,,,,,,,,,,,,,,,,,,,,,,,,,,,,,,,,,,,,,,,,,,,,,,,,0.0,,,,275.96,0.0,5.2,2.2,,9.999e+20,,,,380.0,0.0,100.0,0.0,0.0,0.0,,89.0,40.0,,,,,277.44,9.999e+20,,,0.0,,,2984.0,330.0,,1.2,1.2,1.6,2.0,,,,,,,,,,,,,,,,,,,,,,,,,,,,,,,,,,,,,,,,,,,,,,,,,,,,,,,,,,,,,,,,,,,,,,,,,,,,72.7,2.3,,1912.0,2.0,8.0,350.0,0.0,87.0,,277.45,9.999e+20,
2019111112,1.0,0.0,,0.0,1.0,275.95,0.0,0.0,0.0,0.0,0.0,0.0,0.0,0.0,0.0,0.0,0.0,0.0,0.0,0.0,0.0,0.0,0.0,,,,,,,,,,,,,,,,,,,0.0,0.0,0.0,0.0,0.0,0.0,0.0,0.0,0.0,0.0,0.0,0.0,0.0,0.0,0.0,0.0,0.0,0.0,0.0,0.0,0.0,0.0,0.0,0.0,0.0,0.0,0.0,0.0,0.0,0.0,0.0,0.0,0.0,0.0,,,,,,,,,,,,,,,,,,0.0,,,,,,,,,,,,,,,,,,1.0,,,,275.95,65.0,6.9,1.8,2.0,9.999e+20,,,,380.0,0.0,94.6,5.4,0.0,0.0,,90.0,58.0,,,275.88,1.65,277.6,9.999e+20,0.0,,0.0,,,2440.0,340.0,,1.6,1.4,2.0,2.0,,0.0,0.0,0.0,0.0,0.0,0.0,0.0,0.0,0.0,0.0,0.0,0.0,,,,,,,,,,,,,,0.0,0.0,0.0,0.0,0.0,0.0,0.0,0.0,0.0,0.0,0.0,0.0,0.0,0.0,0.0,0.0,0.0,0.0,0.0,0.0,0.0,0.0,0.0,0.0,,,,,,,,,,,,,0.0,,,,,,,,,,,,,100.0,1.4,0.0,2168.0,1.0,6.0,350.0,0.0,102.0,,277.15,9.999e+20,2.0
2019111115,,0.0,,,,278.42,,,,,,,,,,,,,,,,,,,,,,,,,,,,,,,,,,,,,,,,,,,,,,,,,,,,,,,,,,,,,,,,,,,,,,,,,,,,,,,,,,,,,,,,,,,,,,,,,,,,,,,,,0.0,,,,276.56,170.0,7.4,2.12,,9.999e+20,,,,636.0,0.0,100.0,0.0,0.0,0.0,,77.0,60.0,,,,,280.06,9.999e+20,,,0.0,,,4688.0,340.0,,2.4,1.72,2.8,2.8,,,,,,,,,,,,,,,,,,,,,,,,,,,,,,,,,,,,,,,,,,,,,,,,,,,,,,,,,,,,,,,,,,,,,,,,,,,,100.0,1.2,,2120.0,1.0,7.2,350.0,-1.0,102.0,,276.45,9.999e+20,
2019111118,,0.0,,0.0,1.0,280.38,,,,,,,,,,,,,,,,,,,,,,,,,,,,,,,,,,,,,,,,,,,,,,,,,,,,,,,,,,,,,,,,,,,,,,,,,,,,,,,,,,,,,,,0.0,,,,,,,,,,,,,,,,,,1.0,,,,275.56,367.0,7.6,1.52,4.0,9.999e+20,,90.0,,906.0,0.0,100.0,0.0,0.0,0.0,,64.0,64.0,,,,,281.98,9.999e+20,,,0.0,,,6894.0,340.0,,2.8,1.82,2.8,3.3,,,,,,,,,,,,,,,,,,,,,,,,,,,,,,,,,,,,,,,,,,,,,,,,,,,,,,,,,,,,,,,0.0,,,,,,,,,,,,,81.3,1.8,,1944.0,1.0,8.0,350.0,0.0,89.0,,275.95,9.999e+20,9.0
2019111121,,0.0,,,,280.42,,,,,,,,,,,,,,,,,,,,,,,,,,,,,,,,,,,,,,,,,,,,,,,,,,,,,,,,,,,,,,,,,,,,,,,,,,,,,,,,,,,,,,,,,,,,,,,,,,,,,,,,,2.0,,,,274.33,483.0,8.0,1.32,,9.999e+20,,,,909.0,0.0,100.0,0.0,0.0,0.0,,57.0,32.0,,,,,282.26,9.999e+20,,,0.0,,,7656.0,340.0,,3.2,1.4,3.6,4.1,,,,,,,,,,,,,,,,,,,,,,,,,,,,,,,,,,,,,,,,,,,,,,,,,,,,,,,,,,,,,,,,,,,,,,,,,,,,72.7,3.0,,1928.0,2.0,8.0,350.0,0.0,91.0,,275.45,9.999e+20,
2019111200,7.0,0.0,,0.0,7.0,276.14,,,,,,,,,,,,,,,,,,,0.0,0.0,0.0,0.0,0.0,0.0,0.0,0.0,0.0,0.0,0.0,0.0,0.0,0.0,0.0,0.0,0.0,,,,,,,,,,,,,,,,,,,,,,,,,,,,,,,,,,,0.0,0.0,0.0,0.0,0.0,0.0,0.0,0.0,0.0,0.0,0.0,0.0,0.0,0.0,0.0,0.0,0.0,0.0,0.0,0.0,0.0,0.0,0.0,0.0,0.0,0.0,0.0,0.0,0.0,0.0,0.0,0.0,0.0,0.0,0.0,1.0,,,,273.02,261.0,7.0,1.8,4.0,9.999e+20,,,,124.0,0.0,81.3,0.0,18.8,0.0,,68.0,47.0,284.32,2.71,,,278.44,9.999e+20,,0.0,0.0,,,896.0,340.0,,2.8,1.32,3.2,4.1,,,,,,,,,,,,,,,0.0,0.0,0.0,0.0,0.0,0.0,0.0,0.0,0.0,0.0,0.0,0.0,,,,,,,,,,,,,,,,,,,,,,,,,0.0,0.0,0.0,0.0,0.0,0.0,0.0,0.0,0.0,0.0,0.0,0.0,0.0,0.0,0.0,0.0,0.0,0.0,0.0,0.0,0.0,0.0,0.0,0.0,0.0,85.4,2.8,0.0,1328.0,3.0,7.2,350.0,0.0,57.0,,273.45,9.999e+20,12.2
2019111203,,0.0,,,,272.5,,,,,,,,,,,,,,,,,,,,,,,,,,,,,,,,,,,,,,,,,,,,,,,,,,,,,,,,,,,,,,,,,,,,,,,,,,,,,,,,,,,,,,,,,,,,,,,,,,,,,,,,,2.0,,,,271.23,0.0,8.4,1.8,,9.999e+20,,,,124.0,0.0,70.0,0.0,30.0,0.0,,73.0,50.0,,,,,275.61,9.999e+20,,,0.0,,,912.0,350.0,,3.2,1.4,3.6,4.1,,,,,,,,,,,,,,,,,,,,,,,,,,,,,,,,,,,,,,,,,,,,,,,,,,,,,,,,,,,,,,,,,,,,,,,,,,,,72.7,2.1,,1408.0,2.0,7.2,360.0,0.0,53.0,,273.65,9.999e+20,
2019111206,,0.0,,0.0,18.0,270.26,,,,,,,,,,,,,,,,,,,,,,,,,,,,,,,,,,,,,,,,,,,,,,,,,,,,,,,,,,,,,,,,,,,,,,,,,,,,,,,,,,,,,,,0.0,,,,,,,,,,,,,,,,,,1.0,,,,269.31,0.0,8.1,1.0,4.0,9.999e+20,,,57.0,372.0,0.0,50.0,0.0,50.0,0.0,,72.0,51.0,,,,,273.81,9.999e+20,,,0.0,,,3384.0,350.0,,3.2,1.32,3.6,4.5,,,,,,,,,,,,,,,,,,,,,,,,,,,,,,,,,,,,,,,,,,,,,,,,,,,,,,,,,,,,,,,0.0,,,,,,,,,,,,,81.3,3.6,,896.0,1.0,9.2,10.0,0.0,30.0,,271.05,9.999e+20,9.0
2019111209,,0.0,,,,268.94,,,,,,,,,,,,,,,,,,,,,,,,,,,,,,,,,,,,,,,,,,,,,,,,,,,,,,,,,,,,,,,,,,,,,,,,,,,,,,,,,,,,,,,,,,,,,,,,,,,,,,,,,0.0,,,,268.36,0.0,7.3,1.12,,9.999e+20,,,,371.0,0.0,50.0,0.0,50.0,0.0,,72.0,56.0,,,,,272.57,9.999e+20,,,0.0,,,3296.0,350.0,,3.2,1.42,3.6,4.9,,,,,,,,,,,,,,,,,,,,,,,,,,,,,,,,,,,,,,,,,,,,,,,,,,,,,,,,,,,,,,,,,,,,,,,,,,,,72.7,3.2,,928.0,3.0,9.2,10.0,0.0,45.0,,272.45,9.999e+20,
2019111212,21.0,0.0,,0.0,21.0,267.83,0.0,0.0,0.0,0.0,0.0,0.005,0.028,14.0,7.0,0.0,0.0,0.0,0.0,0.0,0.0,0.0,0.0,,,,,,,,,,,,,,,,,,,0.0,0.0,0.0,0.0,0.0,0.005,0.028,14.0,7.0,0.0,0.0,0.0,0.0,0.0,0.0,0.0,0.0,0.0,0.0,0.0,0.0,0.0,0.005,0.028,14.0,7.0,0.0,0.0,0.0,0.0,0.0,0.0,0.0,0.0,,,,,,,,,,,,,,,,,,0.0,,,,,,,,,,,,,,,,,,0.0,,,,267.38,64.0,8.0,0.92,4.0,9.999e+20,,,,363.0,0.0,25.0,0.0,75.0,0.0,,71.0,60.0,,,270.98,3.15,271.96,9.999e+20,3.0,,0.0,,,3336.0,360.0,,3.6,1.42,4.0,4.9,,0.0,0.0,0.0,0.0,0.0,0.0,0.0,0.0,0.0,0.0,0.0,0.0,,,,,,,,,,,,,,0.0,0.0,0.0,0.0,0.0,0.0,0.0,0.0,0.0,0.0,0.0,0.0,0.0,0.0,0.0,0.0,0.0,0.0,0.0,0.0,0.0,0.0,0.0,0.0,,,,,,,,,,,,,0.0,,,,,,,,,,,,,97.9,4.6,0.0,584.0,0.0,9.2,10.0,0.0,29.0,,269.85,9.999e+20,10.0
2019111215,,,,,,271.34,,,,,,,,,,,,,,,,,,,,,,,,,,,,,,,,,,,,,,,,,,,,,,,,,,,,,,,,,,,,,,,,,,,,,,,,,,,,,,,,,,,,,,,,,,,,,,,,,,,,,,,,,0.0,,,,,,,,,,,,,,,,,,,,,,,,,,,,,,,,,,,,,,,,,,,,,,,,,,,,,,,,,,,,,,,,,,,,,,,,,,,,,,,,,,,,,,,,,,,,,,,,,,,,,,,,,,,,,,,,,,,,,,,,,,,,,,,
